{
    "gridwidth": 40,
    "gridheight": 24,
    "CellCountX": 32,
    "CellCountY": 32,
    "vp-color": [
        0.9999899864196777,
        0.9999962449073792,
        1.0,
        1.0
    ],
    "cell-color": [
        0.06542836129665375,
        0.595140814781189,
        0.8918918967247009,
        0.0
    ],
    "recents": [
        "C:\\Dev\\LearningGamesInCpp\\assets\\scenes\\scene1.json"
    ]
}